title,company,location,date_posted,days_since_posted,job_url,applicants
Sr Python Developer with PL/SQL,Infosys,"Hartford, Connecticut, Estados Unidos",2025-04-16,19,https://www.linkedin.com/jobs/view/sr-python-developer-with-pl-sql-at-infosys-4205785657,
Backend Developer (Python),Adapty.io,Estados Unidos,2025-02-05,89,https://www.linkedin.com/jobs/view/backend-developer-python-at-adapty-io-4144057510,83.0
Python Developer,Capgemini,"Nueva York, Estados Unidos",2025-04-30,5,https://www.linkedin.com/jobs/view/python-developer-at-capgemini-4218326468,
Software Engineer - Python,Selector,"Santa Clara, California, Estados Unidos",2025-01-06,119,https://www.linkedin.com/jobs/view/software-engineer-python-at-selector-4138563925,126.0
Python Developer (Junior),Best Value Technology Incorporated (BVTI),"Maryland, Estados Unidos",2025-04-05,30,https://www.linkedin.com/jobs/view/python-developer-junior-at-best-value-technology-incorporated-bvti-4202135522,
Python Software Engineer (Fixed Income & Macro),Verition Fund Management LLC,Estados Unidos,2025-03-04,62,https://www.linkedin.com/jobs/view/python-software-engineer-fixed-income-macro-at-verition-fund-management-llc-4172891423,
"Associate Software Engineer, Backend Python",PayPal,"San José, California, Estados Unidos",2025-04-22,13,https://www.linkedin.com/jobs/view/associate-software-engineer-backend-python-at-paypal-4210753612,36.0
"Software Engineer, Backend Python",PayPal,"San José, California, Estados Unidos",2025-04-24,11,https://www.linkedin.com/jobs/view/software-engineer-backend-python-at-paypal-4210778790,
Fullstack Engineer,Sprig,"San Francisco, California, Estados Unidos",2025-04-18,17,https://www.linkedin.com/jobs/view/fullstack-engineer-at-sprig-4211191410,25.0
Python Developer,Infosys,"Boston, Massachusetts, Estados Unidos",2025-04-23,12,https://www.linkedin.com/jobs/view/python-developer-at-infosys-4211637828,78.0
Junior Python Developer,Hirewell,Chicago y alrededores,2025-04-21,14,https://www.linkedin.com/jobs/view/junior-python-developer-at-hirewell-4212833897,187.0
Python Developer,Capgemini,Nueva York y alrededores,2025-05-02,3,https://www.linkedin.com/jobs/view/python-developer-at-capgemini-4221460462,
Jr. Software Engineer - Python,"Liquid Advertising, Inc.","Ann Arbor, Michigan, Estados Unidos",2025-03-12,54,https://www.linkedin.com/jobs/view/jr-software-engineer-python-at-liquid-advertising-inc-4202792622,
Jr. Python Developer II,"IT Engagements, Inc.","Washington, Distrito de Columbia, Estados Unidos",2025-02-19,75,https://www.linkedin.com/jobs/view/jr-python-developer-ii-at-it-engagements-inc-4158673849,79.0
Python Software Engineer,MORSE Corp,Boston y alrededores,2025-04-14,21,https://www.linkedin.com/jobs/view/python-software-engineer-at-morse-corp-4208452677,45.0
Python Developer,Infosys,"Indianápolis, Indiana, Estados Unidos",2025-04-25,10,https://www.linkedin.com/jobs/view/python-developer-at-infosys-4215137660,84.0
PYTHON DEVELOPER – DJANGO/FLASK,SpanIdea Systems,"Milpitas, California, Estados Unidos",2024-05-06,364,https://www.linkedin.com/jobs/view/python-developer-%E2%80%93-django-flask-at-spanidea-systems-3919127797,
Python Developer,Accroid Inc,"Washington, Distrito de Columbia, Estados Unidos",2025-04-18,17,https://www.linkedin.com/jobs/view/python-developer-at-accroid-inc-4213015548,
Full Stack Mobile Developer,Tricon Residential,"Tustin, California, Estados Unidos",2025-04-18,17,https://www.linkedin.com/jobs/view/full-stack-mobile-developer-at-tricon-residential-4212555039,
"Software Engineer, Python - AI Training (Freelance, Remote)",Alignerr,"San Francisco, California, Estados Unidos",2025-04-22,13,https://www.linkedin.com/jobs/view/software-engineer-python-ai-training-freelance-remote-at-alignerr-4210798841,
Software Engineer (Python),Garda Capital Partners,"Nueva York, Nueva York, Estados Unidos",2024-11-04,182,https://www.linkedin.com/jobs/view/software-engineer-python-at-garda-capital-partners-4068286625,
PYTHON DEVELOPER,Accroid Inc,"Washington, Distrito de Columbia, Estados Unidos",2025-04-10,25,https://www.linkedin.com/jobs/view/python-developer-at-accroid-inc-4206685150,
Python Developer,Accroid Inc,"Washington, Distrito de Columbia, Estados Unidos",2025-02-11,83,https://www.linkedin.com/jobs/view/python-developer-at-accroid-inc-4148185422,32.0
Python Developer,Stratacent,"Arizona, Estados Unidos",2025-01-08,117,https://www.linkedin.com/jobs/view/python-developer-at-stratacent-4117146861,172.0
Python Developer,Schrödinger,Nueva York y alrededores,2025-04-24,11,https://www.linkedin.com/jobs/view/python-developer-at-schr%C3%B6dinger-4183529968,120.0
PYTHON DEVELOPER – SERVER SIDE,SpanIdea Systems,"Milpitas, California, Estados Unidos",2024-05-06,364,https://www.linkedin.com/jobs/view/python-developer-%E2%80%93-server-side-at-spanidea-systems-3919129316,
Python Developer,"The Dignify Solutions, LLC","Nueva York, Nueva York, Estados Unidos",2025-03-22,44,https://www.linkedin.com/jobs/view/python-developer-at-the-dignify-solutions-llc-4211440724,
Python Software Engineer II,JPMorganChase,"Jersey City, Nueva Jersey, Estados Unidos",2025-04-16,19,https://www.linkedin.com/jobs/view/python-software-engineer-ii-at-jpmorganchase-4211474613,
Backend + ML Engineer,Kino AI,"San Francisco, California, Estados Unidos",2025-02-18,76,https://www.linkedin.com/jobs/view/backend-%2B-ml-engineer-at-kino-ai-4153684130,
Python Software Engineer,Old Mission,"Chicago, Illinois, Estados Unidos",2025-05-03,2,https://www.linkedin.com/jobs/view/python-software-engineer-at-old-mission-3761765202,
Python Developer,Accroid Inc,"Washington, Distrito de Columbia, Estados Unidos",2025-04-22,13,https://www.linkedin.com/jobs/view/python-developer-at-accroid-inc-4214676352,
Python Developer,Matlen Silver,Charlotte y alrededores,2025-04-08,27,https://www.linkedin.com/jobs/view/python-developer-at-matlen-silver-4202898601,55.0
Python Developer,Prosum,"Orlando, Florida, Estados Unidos",2025-05-01,4,https://www.linkedin.com/jobs/view/python-developer-at-prosum-4220909666,
Python Developer,Mercor,Estados Unidos,2025-04-08,27,https://www.linkedin.com/jobs/view/python-developer-at-mercor-4204265919,
Python Programmer,Beacon Hill,"Columbus, Ohio, Estados Unidos",2025-04-08,27,https://www.linkedin.com/jobs/view/python-programmer-at-beacon-hill-4204531488,61.0
Software Engineer (Python),Garda Capital Partners,"Wayzata, Minnesota, Estados Unidos",2024-11-04,182,https://www.linkedin.com/jobs/view/software-engineer-python-at-garda-capital-partners-4068292210,
Python Developer,IT Minds LLC,"Nueva York, Nueva York, Estados Unidos",2025-02-18,76,https://www.linkedin.com/jobs/view/python-developer-at-it-minds-llc-4157956206,25.0
Full time  - Python Engineer,"Netonics, Inc.","Phoenix, Arizona, Estados Unidos",2025-02-13,81,https://www.linkedin.com/jobs/view/full-time-python-engineer-at-netonics-inc-4151637999,43.0
Python Developer,Open Systems Technologies,"Nueva York, Nueva York, Estados Unidos",2025-04-23,12,https://www.linkedin.com/jobs/view/python-developer-at-open-systems-technologies-3952275643,
Python Engineer,ModeSens,Estados Unidos,2025-04-14,21,https://www.linkedin.com/jobs/view/python-engineer-at-modesens-4208475170,
Python Developer,VRK IT Vision Inc.,San Francisco y alrededores,2025-02-12,82,https://www.linkedin.com/jobs/view/python-developer-at-vrk-it-vision-inc-4148958380,
Jr. Python Developer [Job ID 20250501],Phoenix Cyber,"Tampa, Florida, Estados Unidos",2025-05-01,4,https://www.linkedin.com/jobs/view/jr-python-developer-job-id-20250501-at-phoenix-cyber-4219576863,186.0
Python Developer,Accroid Inc,"Mount Laurel, Nueva Jersey, Estados Unidos",2025-03-06,60,https://www.linkedin.com/jobs/view/python-developer-at-accroid-inc-4176738769,161.0
Jr. Python Developer [Job ID 20250501],Phoenix Cyber,"Salt Lake City, Utah, Estados Unidos",2025-05-01,4,https://www.linkedin.com/jobs/view/jr-python-developer-job-id-20250501-at-phoenix-cyber-4219577880,61.0
Python Developer,Sense & Respond Software LLC,"Alpharetta, Georgia, Estados Unidos",2025-04-08,27,https://www.linkedin.com/jobs/view/python-developer-at-sense-respond-software-llc-4203765005,
Python Developer,TekSalt Solutions,"Charlotte, Carolina del Norte, Estados Unidos",2025-03-07,59,https://www.linkedin.com/jobs/view/python-developer-at-teksalt-solutions-4179160484,
Python/ Django Developer,Prixa,"Sede, Kentucky, Estados Unidos",2025-04-15,20,https://www.linkedin.com/jobs/view/python-django-developer-at-prixa-4208875652,
Python Developer,Synechron,"Nueva York, Estados Unidos",2025-04-29,6,https://www.linkedin.com/jobs/view/python-developer-at-synechron-4212086356,98.0
Python Developer - Remote,"The Dignify Solutions, LLC","Houston, Texas, Estados Unidos",2025-03-22,44,https://www.linkedin.com/jobs/view/python-developer-remote-at-the-dignify-solutions-llc-4211448383,
Python Developer,"The Dignify Solutions, LLC","Nueva York, Nueva York, Estados Unidos",2025-03-22,44,https://www.linkedin.com/jobs/view/python-developer-at-the-dignify-solutions-llc-4211447386,
